<?xml version="1.0" encoding="UTF-8"?>
<assembly>
    <id>bin</id>
    <formats>
        <format>tar.gz</format>
    </formats>
	  <includeBaseDirectory>true</includeBaseDirectory>
    <baseDirectory>${project.artifactId}</baseDirectory>
    <fileSets>
        <fileSet>
            <directory>${project.basedir}/target</directory>
						<includes>
                <include>*.jar</include>
            </includes>
            <outputDirectory>/</outputDirectory>
        </fileSet>
    </fileSets>
</assembly>
